{"time": "2022-02-01 01:23:49.883551", "data": {"names": ["scikit", "cpu", "gpu"], "xs": [1024, 2048, 4096, 8192, 16384, 32768, 65536, 131072, 262144, 524288, 1048576, 2097152, 4194304, 8388608, 16777216], "results": [[0.06248641014099121, 0.05337357521057129, 0.08461618423461914, 0.031241893768310547, 0.0533747673034668, 0.13148260116577148, 0.21610283851623535, 0.38503026962280273, 0.6938703060150146, 1.5055336952209473, 2.6928329467773438, 5.834686994552612, 10.582309484481812, 29.93633532524109, 37.21001958847046], [0.0, 0.010223150253295898, 0.010219812393188477, 0.02851247787475586, 0.010213375091552734, 0.020446300506591797, 0.1329045295715332, 0.05325913429260254, 0.38755369186401367, 0.5515005588531494, 1.4578869342803955, 0.8680310249328613, 32.56979274749756, 6.372277736663818, 13.101502418518066], [1.6749885082244873, 0.031246185302734375, 0.04686403274536133, 0.03776907920837402, 0.015621185302734375, 0.01562190055847168, 0.022075891494750977, 0.031217336654663086, 0.04687309265136719, 0.05343985557556152, 0.07811236381530762, 0.23183202743530273, 0.293076753616333, 0.37461256980895996, 0.739572286605835]]}}