{"time": "2022-02-08 22:47:02.119061", "data": {"names": ["cpu", "gpu"], "xs": [1024, 2048, 4096, 8192, 16384], "results": [[0.4198744297027588, 0.8171145915985107, 1.666654348373413, 3.2648119926452637, 6.594529151916504], [9.717529296875, 18.559295892715454, 38.01366639137268, 75.04826855659485, 147.58029055595398]]}}